"","adj","noun","session","n","adj_stem","noun_stem","adult_n","mean_typ"
"1","green","ball",2,1,"green","ball",34,3
"2","dirty","hand",3,4,"dirti","hand",30,3.5
"3","dirty","hand",3,4,"dirti","hand",30,3.5
"4","dirty","hand",3,4,"dirti","hand",30,3.5
"5","dirty","hand",3,4,"dirti","hand",30,3.5
"6","dirty","car",3,3,"dirti","car",3,5
"7","dirty","car",3,3,"dirti","car",3,5
"8","dirty","car",3,3,"dirti","car",3,5
"9","green","bean",3,3,"green","bean",11,4
"10","green","bean",3,3,"green","bean",11,4
"11","green","bean",3,3,"green","bean",11,4
"12","green","bubble",3,3,"green","bubbl",1,2.66666666666667
"13","green","bubble",3,3,"green","bubbl",1,2.66666666666667
"14","green","bubble",3,3,"green","bubbl",1,2.66666666666667
"15","red","towel",3,3,"red","towel",1,3.75
"16","red","towel",3,3,"red","towel",1,3.75
"17","red","towel",3,3,"red","towel",1,3.75
"18","rocky","truck",3,3,"rocki","truck",9,1.25
"19","rocky","truck",3,3,"rocki","truck",9,1.25
"20","rocky","truck",3,3,"rocki","truck",9,1.25
"21","brown","dot",3,2,"brown","dot",3,3
"22","brown","dot",3,2,"brown","dot",3,3
"23","hot","tea",3,2,"hot","tea",22,4.5
"24","hot","tea",3,2,"hot","tea",22,4.5
"25","naked","baby",3,2,"nake","babi",7,4
"26","naked","baby",3,2,"nake","babi",7,4
"27","pink","cup",3,2,"pink","cup",10,3
"28","pink","cup",3,2,"pink","cup",10,3
"29","red","car",3,2,"red","car",74,3
"30","red","car",3,2,"red","car",74,3
"31","red","tractor",3,2,"red","tractor",1,4.25
"32","red","tractor",3,2,"red","tractor",1,4.25
"33","bright","color",3,1,"bright","color",12,3.5
"34","dark","hair",3,1,"dark","hair",2,4.6
"35","dirty","park",3,1,"dirti","park",2,3.33333333333333
"36","dirty","shoe",3,1,"dirti","shoe",10,4
"37","green","ball",3,1,"green","ball",34,3
"38","green","money",3,1,"green","monei",3,6.5
"39","green","pepper",3,1,"green","pepper",16,3.33333333333333
"40","green","pot",3,1,"green","pot",1,2.75
"41","green","strawberry",3,1,"green","strawberri",1,2.25
"42","green","tea",3,1,"green","tea",2,4.5
"43","hot","baby",3,1,"hot","babi",5,2.25
"44","hot","pot",3,1,"hot","pot",5,3.75
"45","pink","lip",3,1,"pink","lip",2,5
"46","pink","towel",3,1,"pink","towel",2,3
"47","red","crayon",3,1,"red","crayon",18,3.5
"48","red","truck",3,1,"red","truck",9,3.25
"49","sunny","day",3,1,"sunni","dai",21,4.25
"50","yellow","cup",3,1,"yellow","cup",27,3
"51","yellow","fish",3,1,"yellow","fish",19,3.25
"52","orange","fish",4,10,"orang","fish",28,3.25
"53","orange","fish",4,10,"orang","fish",28,3.25
"54","orange","fish",4,10,"orang","fish",28,3.25
"55","orange","fish",4,10,"orang","fish",28,3.25
"56","orange","fish",4,10,"orang","fish",28,3.25
"57","orange","fish",4,10,"orang","fish",28,3.25
"58","orange","fish",4,10,"orang","fish",28,3.25
"59","orange","fish",4,10,"orang","fish",28,3.25
"60","orange","fish",4,10,"orang","fish",28,3.25
"61","orange","fish",4,10,"orang","fish",28,3.25
"62","green","car",4,6,"green","car",25,3.5
"63","green","car",4,6,"green","car",25,3.5
"64","green","car",4,6,"green","car",25,3.5
"65","green","car",4,6,"green","car",25,3.5
"66","green","car",4,6,"green","car",25,3.5
"67","green","car",4,6,"green","car",25,3.5
"68","rubber","duck",4,6,"rubber","duck",10,3.5
"69","rubber","duck",4,6,"rubber","duck",10,3.5
"70","rubber","duck",4,6,"rubber","duck",10,3.5
"71","rubber","duck",4,6,"rubber","duck",10,3.5
"72","rubber","duck",4,6,"rubber","duck",10,3.5
"73","rubber","duck",4,6,"rubber","duck",10,3.5
"74","red","balloon",4,5,"red","balloon",21,3.25
"75","red","balloon",4,5,"red","balloon",21,3.25
"76","red","balloon",4,5,"red","balloon",21,3.25
"77","red","balloon",4,5,"red","balloon",21,3.25
"78","red","balloon",4,5,"red","balloon",21,3.25
"79","brown","bear",4,4,"brown","bear",42,5
"80","brown","bear",4,4,"brown","bear",42,5
"81","brown","bear",4,4,"brown","bear",42,5
"82","brown","bear",4,4,"brown","bear",42,5
"83","green","bean",4,4,"green","bean",11,4
"84","green","bean",4,4,"green","bean",11,4
"85","green","bean",4,4,"green","bean",11,4
"86","green","bean",4,4,"green","bean",11,4
"87","brown","shoe",4,3,"brown","shoe",5,4.25
"88","brown","shoe",4,3,"brown","shoe",5,4.25
"89","brown","shoe",4,3,"brown","shoe",5,4.25
"90","green","color",4,3,"green","color",16,4
"91","green","color",4,3,"green","color",16,4
"92","green","color",4,3,"green","color",16,4
"93","green","flower",4,2,"green","flower",4,2.5
"94","green","flower",4,2,"green","flower",4,2.5
"95","hot","syrup",4,2,"hot","syrup",1,2
"96","hot","syrup",4,2,"hot","syrup",1,2
"97","hot","tub",4,2,"hot","tub",12,3
"98","hot","tub",4,2,"hot","tub",12,3
"99","purple","house",4,2,"purpl","hous",1,2.25
"100","purple","house",4,2,"purpl","hous",1,2.25
"101","red","bird",4,2,"red","bird",83,2.5
"102","red","bird",4,2,"red","bird",83,2.5
"103","red","cookie",4,2,"red","cooki",6,1.66666666666667
"104","red","cookie",4,2,"red","cooki",6,1.66666666666667
"105","yellow","block",4,2,"yellow","block",12,2.75
"106","yellow","block",4,2,"yellow","block",12,2.75
"107","yellow","cup",4,2,"yellow","cup",27,3
"108","yellow","cup",4,2,"yellow","cup",27,3
"109","dirty","hand",4,1,"dirti","hand",30,3.5
"110","dirty","shirt",4,1,"dirti","shirt",6,4.5
"111","fuzzy","hair",4,1,"fuzzi","hair",1,2.75
"112","green","boat",4,1,"green","boat",5,3
"113","green","key",4,1,"green","kei",1,2.25
"114","green","tree",4,1,"green","tree",19,5.33333333333333
"115","green","truck",4,1,"green","truck",5,3
"116","hot","cereal",4,1,"hot","cereal",1,2.75
"117","orange","color",4,1,"orang","color",9,4
"118","orange","orange",4,1,"orang","orang",15,5.5
"119","orange","pumpkin",4,1,"orang","pumpkin",4,5
"120","orange","shirt",4,1,"orang","shirt",9,3
"121","outside","window",4,1,"outsid","window",1,4.5
"122","pink","crayon",4,1,"pink","crayon",9,2.5
"123","pink","tulip",4,1,"pink","tulip",1,3.5
"124","purple","cat",4,1,"purpl","cat",44,1.25
"125","purple","duck",4,1,"purpl","duck",6,1
"126","purple","floor",4,1,"purpl","floor",2,3
"127","red","apple",4,1,"red","appl",37,5.25
"128","red","car",4,1,"red","car",74,3
"129","red","dragon",4,1,"red","dragon",1,3
"130","red","hat",4,1,"red","hat",21,3.5
"131","red","house",4,1,"red","hous",4,2.25
"132","red","turtle",4,1,"red","turtl",2,1.75
"133","yellow","car",4,1,"yellow","car",21,2.25
"134","yellow","crayon",4,1,"yellow","crayon",12,3.25
"135","yellow","duck",4,1,"yellow","duck",56,5
"136","yellow","hat",4,1,"yellow","hat",16,4
"137","red","car",5,11,"red","car",74,3
"138","red","car",5,11,"red","car",74,3
"139","red","car",5,11,"red","car",74,3
"140","red","car",5,11,"red","car",74,3
"141","red","car",5,11,"red","car",74,3
"142","red","car",5,11,"red","car",74,3
"143","red","car",5,11,"red","car",74,3
"144","red","car",5,11,"red","car",74,3
"145","red","car",5,11,"red","car",74,3
"146","red","car",5,11,"red","car",74,3
"147","red","car",5,11,"red","car",74,3
"148","curly","hair",5,4,"curli","hair",15,3.25
"149","curly","hair",5,4,"curli","hair",15,3.25
"150","curly","hair",5,4,"curli","hair",15,3.25
"151","curly","hair",5,4,"curli","hair",15,3.25
"152","dark","hair",5,4,"dark","hair",2,4.6
"153","dark","hair",5,4,"dark","hair",2,4.6
"154","dark","hair",5,4,"dark","hair",2,4.6
"155","dark","hair",5,4,"dark","hair",2,4.6
"156","red","cookie",5,4,"red","cooki",6,1.66666666666667
"157","red","cookie",5,4,"red","cooki",6,1.66666666666667
"158","red","cookie",5,4,"red","cooki",6,1.66666666666667
"159","red","cookie",5,4,"red","cooki",6,1.66666666666667
"160","spiky","fish",5,4,"spiki","fish",8,2.5
"161","spiky","fish",5,4,"spiki","fish",8,2.5
"162","spiky","fish",5,4,"spiki","fish",8,2.5
"163","spiky","fish",5,4,"spiki","fish",8,2.5
"164","pink","jam",5,3,"pink","jam",12,2.5
"165","pink","jam",5,3,"pink","jam",12,2.5
"166","pink","jam",5,3,"pink","jam",12,2.5
"167","red","ball",5,3,"red","ball",36,4.66666666666667
"168","red","ball",5,3,"red","ball",36,4.66666666666667
"169","red","ball",5,3,"red","ball",36,4.66666666666667
"170","yellow","chair",5,3,"yellow","chair",3,3.25
"171","yellow","chair",5,3,"yellow","chair",3,3.25
"172","yellow","chair",5,3,"yellow","chair",3,3.25
"173","yellow","tooth",5,3,"yellow","tooth",1,3.75
"174","yellow","tooth",5,3,"yellow","tooth",1,3.75
"175","yellow","tooth",5,3,"yellow","tooth",1,3.75
"176","orange","star",5,2,"orang","star",5,1.75
"177","orange","star",5,2,"orang","star",5,1.75
"178","red","light",5,2,"red","light",71,3.5
"179","red","light",5,2,"red","light",71,3.5
"180","sweet","potato",5,2,"sweet","potato",17,2.75
"181","sweet","potato",5,2,"sweet","potato",17,2.75
"182","yellow","circle",5,2,"yellow","circl",23,4
"183","yellow","circle",5,2,"yellow","circl",23,4
"184","yellow","shoe",5,2,"yellow","shoe",6,2.25
"185","yellow","shoe",5,2,"yellow","shoe",6,2.25
"186","yellow","train",5,2,"yellow","train",4,3.5
"187","yellow","train",5,2,"yellow","train",4,3.5
"188","brown","bear",5,1,"brown","bear",42,5
"189","brown","crayon",5,1,"brown","crayon",3,3.25
"190","dirty","hand",5,1,"dirti","hand",30,3.5
"191","dirty","mouth",5,1,"dirti","mouth",5,4.25
"192","fat","cookie",5,1,"fat","cooki",1,2.75
"193","fat","hen",5,1,"fat","hen",2,4.75
"194","green","ball",5,1,"green","ball",34,3
"195","green","crayon",5,1,"green","crayon",17,4
"196","green","light",5,1,"green","light",114,2.25
"197","green","orange",5,1,"green","orang",4,2.25
"198","green","shoe",5,1,"green","shoe",10,2
"199","green","yogurt",5,1,"green","yogurt",1,2
"200","hot","baby",5,1,"hot","babi",5,2.25
"201","hot","coffee",5,1,"hot","coffe",9,4.75
"202","hot","steam",5,1,"hot","steam",2,6.66666666666667
"203","hot","water",5,1,"hot","water",29,5
"204","light","car",5,1,"light","car",2,3.25
"205","orange","balloon",5,1,"orang","balloon",3,2.5
"206","orange","peel",5,1,"orang","peel",1,3.25
"207","pink","bear",5,1,"pink","bear",15,1.75
"208","pink","crayon",5,1,"pink","crayon",9,2.5
"209","plastic","fork",5,1,"plastic","fork",1,3.75
"210","purple","cup",5,1,"purpl","cup",23,2.75
"211","purple","spaghetti",5,1,"purpl","spaghetti",3,2.5
"212","purple","top",5,1,"purpl","top",3,3.25
"213","red","bike",5,1,"red","bike",1,2.75
"214","red","candy",5,1,"red","candi",2,4.25
"215","red","flavor",5,1,"red","flavor",1,2.75
"216","red","hair",5,1,"red","hair",6,2.75
"217","red","hat",5,1,"red","hat",21,3.5
"218","red","heart",5,1,"red","heart",25,5.75
"219","red","house",5,1,"red","hous",4,2.25
"220","red","paper",5,1,"red","paper",2,3
"221","round","circle",5,1,"round","circl",6,7
"222","snowy","day",5,1,"snowi","dai",3,2.5
"223","wet","shirt",5,1,"wet","shirt",11,2.75
"224","wet","water",5,1,"wet","water",7,7
"225","yellow","eye",5,1,"yellow","ey",3,2.75
"226","yellow","hat",5,1,"yellow","hat",16,4
"227","yellow","noodle",5,1,"yellow","noodl",5,3.75
"228","yellow","tongue",5,1,"yellow","tongu",3,1.75
"229","red","car",6,9,"red","car",74,3
"230","red","car",6,9,"red","car",74,3
"231","red","car",6,9,"red","car",74,3
"232","red","car",6,9,"red","car",74,3
"233","red","car",6,9,"red","car",74,3
"234","red","car",6,9,"red","car",74,3
"235","red","car",6,9,"red","car",74,3
"236","red","car",6,9,"red","car",74,3
"237","red","car",6,9,"red","car",74,3
"238","muddy","mud",6,7,"muddi","mud",5,5.5
"239","muddy","mud",6,7,"muddi","mud",5,5.5
"240","muddy","mud",6,7,"muddi","mud",5,5.5
"241","muddy","mud",6,7,"muddi","mud",5,5.5
"242","muddy","mud",6,7,"muddi","mud",5,5.5
"243","muddy","mud",6,7,"muddi","mud",5,5.5
"244","muddy","mud",6,7,"muddi","mud",5,5.5
"245","dirty","foot",6,4,"dirti","foot",5,3.75
"246","dirty","foot",6,4,"dirti","foot",5,3.75
"247","dirty","foot",6,4,"dirti","foot",5,3.75
"248","dirty","foot",6,4,"dirti","foot",5,3.75
"249","green","guy",6,3,"green","gui",31,1
"250","green","guy",6,3,"green","gui",31,1
"251","green","guy",6,3,"green","gui",31,1
"252","green","pepper",6,3,"green","pepper",16,3.33333333333333
"253","green","pepper",6,3,"green","pepper",16,3.33333333333333
"254","green","pepper",6,3,"green","pepper",16,3.33333333333333
"255","pink","pony",6,3,"pink","poni",1,2.6
"256","pink","pony",6,3,"pink","poni",1,2.6
"257","pink","pony",6,3,"pink","poni",1,2.6
"258","red","bear",6,3,"red","bear",8,2
"259","red","bear",6,3,"red","bear",8,2
"260","red","bear",6,3,"red","bear",8,2
"261","red","cup",6,3,"red","cup",17,3.75
"262","red","cup",6,3,"red","cup",17,3.75
"263","red","cup",6,3,"red","cup",17,3.75
"264","yellow","car",6,3,"yellow","car",21,2.25
"265","yellow","car",6,3,"yellow","car",21,2.25
"266","yellow","car",6,3,"yellow","car",21,2.25
"267","dirty","water",6,2,"dirti","water",13,3.75
"268","dirty","water",6,2,"dirti","water",13,3.75
"269","green","train",6,2,"green","train",6,2.5
"270","green","train",6,2,"green","train",6,2.5
"271","hot","soup",6,2,"hot","soup",5,5.5
"272","hot","soup",6,2,"hot","soup",5,5.5
"273","purple","truck",6,2,"purpl","truck",3,2
"274","purple","truck",6,2,"purpl","truck",3,2
"275","red","bird",6,2,"red","bird",83,2.5
"276","red","bird",6,2,"red","bird",83,2.5
"277","red","circle",6,2,"red","circl",44,2.75
"278","red","circle",6,2,"red","circl",44,2.75
"279","red","grocery",6,2,"red","groceri",1,2.25
"280","red","grocery",6,2,"red","groceri",1,2.25
"281","red","store",6,2,"red","store",2,2.75
"282","red","store",6,2,"red","store",2,2.75
"283","red","tail",6,2,"red","tail",5,3.66666666666667
"284","red","tail",6,2,"red","tail",5,3.66666666666667
"285","yellow","hose",6,2,"yellow","hose",1,3
"286","yellow","hose",6,2,"yellow","hose",1,3
"287","brown","hair",6,1,"brown","hair",14,4.25
"288","brown","paper",6,1,"brown","paper",6,3.5
"289","cursive","letter",6,1,"cursiv","letter",1,3.75
"290","dark","color",6,1,"dark","color",9,4.25
"291","dirty","blanket",6,1,"dirti","blanket",4,3.33333333333333
"292","dirty","hand",6,1,"dirti","hand",30,3.5
"293","fuzzy","foot",6,1,"fuzzi","foot",4,2.75
"294","green","apple",6,1,"green","appl",20,3.75
"295","green","block",6,1,"green","block",9,2.5
"296","green","button",6,1,"green","button",14,2.33333333333333
"297","green","popsicle",6,1,"green","popsicl",3,3.25
"298","green","puppy",6,1,"green","puppi",1,1
"299","green","track",6,1,"green","track",5,4.25
"300","green","truck",6,1,"green","truck",5,3
"301","orange","eye",6,1,"orang","ey",4,1.75
"302","orange","hat",6,1,"orang","hat",5,2.5
"303","orange","leg",6,1,"orang","leg",2,1.25
"304","pink","purse",6,1,"pink","purs",3,3.25
"305","purple","ball",6,1,"purpl","ball",10,2.75
"306","purple","bird",6,1,"purpl","bird",10,2
"307","purple","car",6,1,"purpl","car",14,2.25
"308","purple","guy",6,1,"purpl","gui",11,1
"309","purple","kangaroo",6,1,"purpl","kangaroo",5,1
"310","red","dragon",6,1,"red","dragon",1,3
"311","red","leave",6,1,"red","leav",1,3.25
"312","red","light",6,1,"red","light",71,3.5
"313","red","milk",6,1,"red","milk",1,1
"314","red","paper",6,1,"red","paper",2,3
"315","red","reindeer",6,1,"red","reindeer",1,2.75
"316","red","shirt",6,1,"red","shirt",12,3.25
"317","red","spot",6,1,"red","spot",5,4.66666666666667
"318","red","square",6,1,"red","squar",5,3
"319","red","tongue",6,1,"red","tongu",1,2.75
"320","red","train",6,1,"red","train",4,2.5
"321","red","truck",6,1,"red","truck",9,3.25
"322","red","wheel",6,1,"red","wheel",4,3
"323","wet","mouth",6,1,"wet","mouth",6,5
"324","wet","rain",6,1,"wet","rain",4,7
"325","yellow","apple",6,1,"yellow","appl",2,4
"326","yellow","arm",6,1,"yellow","arm",1,2
"327","yellow","block",6,1,"yellow","block",12,2.75
"328","yellow","chicken",6,1,"yellow","chicken",5,3.66666666666667
"329","yellow","egg",6,1,"yellow","egg",3,2.75
"330","yellow","hat",6,1,"yellow","hat",16,4
"331","yellow","house",6,1,"yellow","hous",4,2.75
"332","yellow","milk",6,1,"yellow","milk",2,1.5
"333","yellow","shoe",6,1,"yellow","shoe",6,2.25
"334","juicy","pear",7,8,"juici","pear",3,4.5
"335","juicy","pear",7,8,"juici","pear",3,4.5
"336","juicy","pear",7,8,"juici","pear",3,4.5
"337","juicy","pear",7,8,"juici","pear",3,4.5
"338","juicy","pear",7,8,"juici","pear",3,4.5
"339","juicy","pear",7,8,"juici","pear",3,4.5
"340","juicy","pear",7,8,"juici","pear",3,4.5
"341","juicy","pear",7,8,"juici","pear",3,4.5
"342","green","guy",7,5,"green","gui",31,1
"343","green","guy",7,5,"green","gui",31,1
"344","green","guy",7,5,"green","gui",31,1
"345","green","guy",7,5,"green","gui",31,1
"346","green","guy",7,5,"green","gui",31,1
"347","red","guy",7,5,"red","gui",12,1.6
"348","red","guy",7,5,"red","gui",12,1.6
"349","red","guy",7,5,"red","gui",12,1.6
"350","red","guy",7,5,"red","gui",12,1.6
"351","red","guy",7,5,"red","gui",12,1.6
"352","brown","hair",7,4,"brown","hair",14,4.25
"353","brown","hair",7,4,"brown","hair",14,4.25
"354","brown","hair",7,4,"brown","hair",14,4.25
"355","brown","hair",7,4,"brown","hair",14,4.25
"356","red","foot",7,4,"red","foot",55,2
"357","red","foot",7,4,"red","foot",55,2
"358","red","foot",7,4,"red","foot",55,2
"359","red","foot",7,4,"red","foot",55,2
"360","brown","bear",7,3,"brown","bear",42,5
"361","brown","bear",7,3,"brown","bear",42,5
"362","brown","bear",7,3,"brown","bear",42,5
"363","brown","eye",7,3,"brown","ey",16,3.33333333333333
"364","brown","eye",7,3,"brown","ey",16,3.33333333333333
"365","brown","eye",7,3,"brown","ey",16,3.33333333333333
"366","curly","hair",7,3,"curli","hair",15,3.25
"367","curly","hair",7,3,"curli","hair",15,3.25
"368","curly","hair",7,3,"curli","hair",15,3.25
"369","flat","tire",7,3,"flat","tire",8,2.75
"370","flat","tire",7,3,"flat","tire",8,2.75
"371","flat","tire",7,3,"flat","tire",8,2.75
"372","giant","juice",7,3,"giant","juic",10,1.25
"373","giant","juice",7,3,"giant","juic",10,1.25
"374","giant","juice",7,3,"giant","juic",10,1.25
"375","green","plate",7,3,"green","plate",7,3
"376","green","plate",7,3,"green","plate",7,3
"377","green","plate",7,3,"green","plate",7,3
"378","pink","cup",7,3,"pink","cup",10,3
"379","pink","cup",7,3,"pink","cup",10,3
"380","pink","cup",7,3,"pink","cup",10,3
"381","red","flag",7,3,"red","flag",3,3
"382","red","flag",7,3,"red","flag",3,3
"383","red","flag",7,3,"red","flag",3,3
"384","red","wheel",7,3,"red","wheel",4,3
"385","red","wheel",7,3,"red","wheel",4,3
"386","red","wheel",7,3,"red","wheel",4,3
"387","rubber","band",7,3,"rubber","band",5,3.5
"388","rubber","band",7,3,"rubber","band",5,3.5
"389","rubber","band",7,3,"rubber","band",5,3.5
"390","wooden","tooth",7,3,"wooden","tooth",2,1.75
"391","wooden","tooth",7,3,"wooden","tooth",2,1.75
"392","wooden","tooth",7,3,"wooden","tooth",2,1.75
"393","yellow","car",7,3,"yellow","car",21,2.25
"394","yellow","car",7,3,"yellow","car",21,2.25
"395","yellow","car",7,3,"yellow","car",21,2.25
"396","green","bubble",7,2,"green","bubbl",1,2.66666666666667
"397","green","bubble",7,2,"green","bubbl",1,2.66666666666667
"398","green","eye",7,2,"green","ey",4,3
"399","green","eye",7,2,"green","ey",4,3
"400","green","fish",7,2,"green","fish",16,2.5
"401","green","fish",7,2,"green","fish",16,2.5
"402","green","pig",7,2,"green","pig",3,1.25
"403","green","pig",7,2,"green","pig",3,1.25
"404","grey","dog",7,2,"grei","dog",2,3
"405","grey","dog",7,2,"grei","dog",2,3
"406","purple","guy",7,2,"purpl","gui",11,1
"407","purple","guy",7,2,"purpl","gui",11,1
"408","purple","necklace",7,2,"purpl","necklac",2,3
"409","purple","necklace",7,2,"purpl","necklac",2,3
"410","purple","wheel",7,2,"purpl","wheel",1,2.5
"411","purple","wheel",7,2,"purpl","wheel",1,2.5
"412","red","cup",7,2,"red","cup",17,3.75
"413","red","cup",7,2,"red","cup",17,3.75
"414","yellow","chicken",7,2,"yellow","chicken",5,3.66666666666667
"415","yellow","chicken",7,2,"yellow","chicken",5,3.66666666666667
"416","yellow","fish",7,2,"yellow","fish",19,3.25
"417","yellow","fish",7,2,"yellow","fish",19,3.25
"418","blonde","hair",7,1,"blond","hair",13,3.22222222222222
"419","fat","body",7,1,"fat","bodi",3,4
"420","fat","cat",7,1,"fat","cat",1,4
"421","fat","pig",7,1,"fat","pig",3,6
"422","green","airplane",7,1,"green","airplan",3,2
"423","green","chair",7,1,"green","chair",6,2.75
"424","green","color",7,1,"green","color",16,4
"425","green","cookie",7,1,"green","cooki",1,2.25
"426","green","crayon",7,1,"green","crayon",17,4
"427","green","dinosaur",7,1,"green","dinosaur",1,5.25
"428","green","ear",7,1,"green","ear",4,1.25
"429","green","heart",7,1,"green","heart",1,1.5
"430","green","truck",7,1,"green","truck",5,3
"431","green","tube",7,1,"green","tube",1,3.5
"432","green","water",7,1,"green","water",2,2.75
"433","hot","body",7,1,"hot","bodi",4,3.25
"434","hot","fan",7,1,"hot","fan",1,2.33333333333333
"435","hot","fire",7,1,"hot","fire",1,6.75
"436","hot","tea",7,1,"hot","tea",22,4.5
"437","hot","tongue",7,1,"hot","tongu",1,2.25
"438","orange","block",7,1,"orang","block",1,3.75
"439","orange","carrot",7,1,"orang","carrot",4,5.75
"440","orange","egg",7,1,"orang","egg",2,2
"441","orange","hair",7,1,"orang","hair",3,2.25
"442","orange","leg",7,1,"orang","leg",2,1.25
"443","orange","monkey",7,1,"orang","monkei",1,1.75
"444","orange","screw",7,1,"orang","screw",9,1.75
"445","orange","tiger",7,1,"orang","tiger",2,4.75
"446","pink","pig",7,1,"pink","pig",11,5.5
"447","pink","princess",7,1,"pink","princess",1,3.5
"448","pink","snail",7,1,"pink","snail",1,2.25
"449","purple","bat",7,1,"purpl","bat",1,1.75
"450","purple","bear",7,1,"purpl","bear",9,1
"451","purple","crayon",7,1,"purpl","crayon",16,4
"452","purple","grape",7,1,"purpl","grape",7,4.5
"453","purple","hat",7,1,"purpl","hat",11,3.25
"454","purple","screw",7,1,"purpl","screw",4,2
"455","red","apple",7,1,"red","appl",37,5.25
"456","red","boot",7,1,"red","boot",1,3.5
"457","red","cab",7,1,"red","cab",3,2.25
"458","red","cookie",7,1,"red","cooki",6,1.66666666666667
"459","red","eye",7,1,"red","ey",10,2.66666666666667
"460","red","hair",7,1,"red","hair",6,2.75
"461","red","juice",7,1,"red","juic",1,3.66666666666667
"462","red","ocean",7,1,"red","ocean",1,1.75
"463","red","shoe",7,1,"red","shoe",11,4
"464","sunny","day",7,1,"sunni","dai",21,4.25
"465","top","bunk",7,1,"top","bunk",3,4.25
"466","wet","towel",7,1,"wet","towel",8,4.5
"467","yellow","bird",7,1,"yellow","bird",12,3
"468","yellow","dress",7,1,"yellow","dress",3,3.25
"469","yellow","eye",7,1,"yellow","ey",3,2.75
"470","yellow","hair",7,1,"yellow","hair",6,2.75
"471","yellow","lip",7,1,"yellow","lip",1,1.75
"472","yellow","pig",7,1,"yellow","pig",2,1.5
"473","yellow","star",7,1,"yellow","star",13,4.25
"474","yellow","sun",7,1,"yellow","sun",10,6.75
"475","yellow","tape",7,1,"yellow","tape",1,3.75
"476","flat","tire",8,8,"flat","tire",8,2.75
"477","flat","tire",8,8,"flat","tire",8,2.75
"478","flat","tire",8,8,"flat","tire",8,2.75
"479","flat","tire",8,8,"flat","tire",8,2.75
"480","flat","tire",8,8,"flat","tire",8,2.75
"481","flat","tire",8,8,"flat","tire",8,2.75
"482","flat","tire",8,8,"flat","tire",8,2.75
"483","flat","tire",8,8,"flat","tire",8,2.75
"484","green","book",8,6,"green","book",4,2.75
"485","green","book",8,6,"green","book",4,2.75
"486","green","book",8,6,"green","book",4,2.75
"487","green","book",8,6,"green","book",4,2.75
"488","green","book",8,6,"green","book",4,2.75
"489","green","book",8,6,"green","book",4,2.75
"490","sweet","baby",8,6,"sweet","babi",4,3.75
"491","sweet","baby",8,6,"sweet","babi",4,3.75
"492","sweet","baby",8,6,"sweet","babi",4,3.75
"493","sweet","baby",8,6,"sweet","babi",4,3.75
"494","sweet","baby",8,6,"sweet","babi",4,3.75
"495","sweet","baby",8,6,"sweet","babi",4,3.75
"496","green","dinosaur",8,5,"green","dinosaur",1,5.25
"497","green","dinosaur",8,5,"green","dinosaur",1,5.25
"498","green","dinosaur",8,5,"green","dinosaur",1,5.25
"499","green","dinosaur",8,5,"green","dinosaur",1,5.25
"500","green","dinosaur",8,5,"green","dinosaur",1,5.25
"501","green","grass",8,5,"green","grass",13,6.5
"502","green","grass",8,5,"green","grass",13,6.5
"503","green","grass",8,5,"green","grass",13,6.5
"504","green","grass",8,5,"green","grass",13,6.5
"505","green","grass",8,5,"green","grass",13,6.5
"506","square","triangle",8,5,"squar","triangl",9,1
"507","square","triangle",8,5,"squar","triangl",9,1
"508","square","triangle",8,5,"squar","triangl",9,1
"509","square","triangle",8,5,"squar","triangl",9,1
"510","square","triangle",8,5,"squar","triangl",9,1
"511","green","light",8,4,"green","light",114,2.25
"512","green","light",8,4,"green","light",114,2.25
"513","green","light",8,4,"green","light",114,2.25
"514","green","light",8,4,"green","light",114,2.25
"515","hot","tea",8,4,"hot","tea",22,4.5
"516","hot","tea",8,4,"hot","tea",22,4.5
"517","hot","tea",8,4,"hot","tea",22,4.5
"518","hot","tea",8,4,"hot","tea",22,4.5
"519","red","shoe",8,4,"red","shoe",11,4
"520","red","shoe",8,4,"red","shoe",11,4
"521","red","shoe",8,4,"red","shoe",11,4
"522","red","shoe",8,4,"red","shoe",11,4
"523","dark","green",8,3,"dark","green",6,4
"524","dark","green",8,3,"dark","green",6,4
"525","dark","green",8,3,"dark","green",6,4
"526","green","alligator",8,3,"green","allig",2,4.75
"527","green","alligator",8,3,"green","allig",2,4.75
"528","green","alligator",8,3,"green","allig",2,4.75
"529","red","button",8,3,"red","button",15,3
"530","red","button",8,3,"red","button",15,3
"531","red","button",8,3,"red","button",15,3
"532","red","light",8,3,"red","light",71,3.5
"533","red","light",8,3,"red","light",71,3.5
"534","red","light",8,3,"red","light",71,3.5
"535","colored","paper",8,2,"color","paper",4,4.5
"536","colored","paper",8,2,"color","paper",4,4.5
"537","green","track",8,2,"green","track",5,4.25
"538","green","track",8,2,"green","track",5,4.25
"539","hairy","spider",8,2,"hairi","spider",4,5
"540","hairy","spider",8,2,"hairi","spider",4,5
"541","orange","fish",8,2,"orang","fish",28,3.25
"542","orange","fish",8,2,"orang","fish",28,3.25
"543","purple","girl",8,2,"purpl","girl",1,2
"544","purple","girl",8,2,"purpl","girl",1,2
"545","purple","shoe",8,2,"purpl","shoe",6,3
"546","purple","shoe",8,2,"purpl","shoe",6,3
"547","red","cake",8,2,"red","cake",3,2.5
"548","red","cake",8,2,"red","cake",3,2.5
"549","red","cheek",8,2,"red","cheek",1,2.66666666666667
"550","red","cheek",8,2,"red","cheek",1,2.66666666666667
"551","red","train",8,2,"red","train",4,2.5
"552","red","train",8,2,"red","train",4,2.5
"553","wet","water",8,2,"wet","water",7,7
"554","wet","water",8,2,"wet","water",7,7
"555","yellow","light",8,2,"yellow","light",4,3.66666666666667
"556","yellow","light",8,2,"yellow","light",4,3.66666666666667
"557","yellow","shoe",8,2,"yellow","shoe",6,2.25
"558","yellow","shoe",8,2,"yellow","shoe",6,2.25
"559","bright","color",8,1,"bright","color",12,3.5
"560","bright","sun",8,1,"bright","sun",9,5.25
"561","brown","beard",8,1,"brown","beard",1,4
"562","brown","boot",8,1,"brown","boot",1,3.5
"563","brown","crayon",8,1,"brown","crayon",3,3.25
"564","brown","eye",8,1,"brown","ey",16,3.33333333333333
"565","brown","hair",8,1,"brown","hair",14,4.25
"566","brown","mud",8,1,"brown","mud",1,5
"567","dead","person",8,1,"dead","person",1,2.75
"568","fat","finger",8,1,"fat","finger",2,4
"569","green","apple",8,1,"green","appl",20,3.75
"570","green","bird",8,1,"green","bird",9,2.75
"571","green","block",8,1,"green","block",9,2.5
"572","green","boat",8,1,"green","boat",5,3
"573","green","ear",8,1,"green","ear",4,1.25
"574","green","horse",8,1,"green","hors",8,1
"575","green","mouth",8,1,"green","mouth",3,1.5
"576","green","pepper",8,1,"green","pepper",16,3.33333333333333
"577","green","water",8,1,"green","water",2,2.75
"578","grey","elephant",8,1,"grei","eleph",1,6
"579","grey","piece",8,1,"grei","piec",2,2.75
"580","hot","cookie",8,1,"hot","cooki",6,4.5
"581","hot","dough",8,1,"hot","dough",1,2.5
"582","orange","bird",8,1,"orang","bird",4,2.33333333333333
"583","pink","pig",8,1,"pink","pig",11,5.5
"584","pink","purple",8,1,"pink","purpl",5,1.66666666666667
"585","pink","rake",8,1,"pink","rake",2,1.75
"586","pink","scooter",8,1,"pink","scooter",1,2.75
"587","pink","window",8,1,"pink","window",1,2.25
"588","pink","worm",8,1,"pink","worm",1,4.25
"589","purple","ball",8,1,"purpl","ball",10,2.75
"590","purple","crayon",8,1,"purpl","crayon",16,4
"591","purple","dinosaur",8,1,"purpl","dinosaur",1,1.33333333333333
"592","purple","eye",8,1,"purpl","ey",5,1.33333333333333
"593","purple","star",8,1,"purpl","star",4,2.5
"594","red","book",8,1,"red","book",8,3
"595","red","boy",8,1,"red","boi",2,1
"596","red","bucket",8,1,"red","bucket",7,3.4
"597","red","car",8,1,"red","car",74,3
"598","red","dinosaur",8,1,"red","dinosaur",5,2
"599","red","eye",8,1,"red","ey",10,2.66666666666667
"600","red","jacket",8,1,"red","jacket",1,2.5
"601","red","pepper",8,1,"red","pepper",3,4.33333333333333
"602","red","tongue",8,1,"red","tongu",1,2.75
"603","red","truck",8,1,"red","truck",9,3.25
"604","wet","dress",8,1,"wet","dress",1,2
"605","wet","glue",8,1,"wet","glue",2,5.33333333333333
"606","wet","hand",8,1,"wet","hand",19,3
"607","yellow","bus",8,1,"yellow","bu",20,4.5
"608","yellow","crayon",8,1,"yellow","crayon",12,3.25
"609","yellow","eye",8,1,"yellow","ey",3,2.75
"610","yellow","hair",8,1,"yellow","hair",6,2.75
"611","yellow","horse",8,1,"yellow","hors",8,1.33333333333333
"612","yellow","knight",8,1,"yellow","knight",2,1.66666666666667
"613","yellow","shirt",8,1,"yellow","shirt",6,3.5
"614","yellow","train",8,1,"yellow","train",4,3.5
"615","brown","sugar",9,9,"brown","sugar",10,4.33333333333333
"616","brown","sugar",9,9,"brown","sugar",10,4.33333333333333
"617","brown","sugar",9,9,"brown","sugar",10,4.33333333333333
"618","brown","sugar",9,9,"brown","sugar",10,4.33333333333333
"619","brown","sugar",9,9,"brown","sugar",10,4.33333333333333
"620","brown","sugar",9,9,"brown","sugar",10,4.33333333333333
"621","brown","sugar",9,9,"brown","sugar",10,4.33333333333333
"622","brown","sugar",9,9,"brown","sugar",10,4.33333333333333
"623","brown","sugar",9,9,"brown","sugar",10,4.33333333333333
"624","brown","eye",9,5,"brown","ey",16,3.33333333333333
"625","brown","eye",9,5,"brown","ey",16,3.33333333333333
"626","brown","eye",9,5,"brown","ey",16,3.33333333333333
"627","brown","eye",9,5,"brown","ey",16,3.33333333333333
"628","brown","eye",9,5,"brown","ey",16,3.33333333333333
"629","green","bean",9,4,"green","bean",11,4
"630","green","bean",9,4,"green","bean",11,4
"631","green","bean",9,4,"green","bean",11,4
"632","green","bean",9,4,"green","bean",11,4
"633","wet","sand",9,4,"wet","sand",12,3.75
"634","wet","sand",9,4,"wet","sand",12,3.75
"635","wet","sand",9,4,"wet","sand",12,3.75
"636","wet","sand",9,4,"wet","sand",12,3.75
"637","brown","milk",9,3,"brown","milk",1,2
"638","brown","milk",9,3,"brown","milk",1,2
"639","brown","milk",9,3,"brown","milk",1,2
"640","gold","shoe",9,3,"gold","shoe",2,2.75
"641","gold","shoe",9,3,"gold","shoe",2,2.75
"642","gold","shoe",9,3,"gold","shoe",2,2.75
"643","green","person",9,3,"green","person",2,1
"644","green","person",9,3,"green","person",2,1
"645","green","person",9,3,"green","person",2,1
"646","hot","pickle",9,3,"hot","pickl",4,2.66666666666667
"647","hot","pickle",9,3,"hot","pickl",4,2.66666666666667
"648","hot","pickle",9,3,"hot","pickl",4,2.66666666666667
"649","hot","water",9,3,"hot","water",29,5
"650","hot","water",9,3,"hot","water",29,5
"651","hot","water",9,3,"hot","water",29,5
"652","red","car",9,3,"red","car",74,3
"653","red","car",9,3,"red","car",74,3
"654","red","car",9,3,"red","car",74,3
"655","red","cow",9,3,"red","cow",4,2
"656","red","cow",9,3,"red","cow",4,2
"657","red","cow",9,3,"red","cow",4,2
"658","red","guy",9,3,"red","gui",12,1.6
"659","red","guy",9,3,"red","gui",12,1.6
"660","red","guy",9,3,"red","gui",12,1.6
"661","red","shirt",9,3,"red","shirt",12,3.25
"662","red","shirt",9,3,"red","shirt",12,3.25
"663","red","shirt",9,3,"red","shirt",12,3.25
"664","red","truck",9,3,"red","truck",9,3.25
"665","red","truck",9,3,"red","truck",9,3.25
"666","red","truck",9,3,"red","truck",9,3.25
"667","dirty","foot",9,2,"dirti","foot",5,3.75
"668","dirty","foot",9,2,"dirti","foot",5,3.75
"669","dirty","park",9,2,"dirti","park",2,3.33333333333333
"670","dirty","park",9,2,"dirti","park",2,3.33333333333333
"671","dirty","slide",9,2,"dirti","slide",1,3.75
"672","dirty","slide",9,2,"dirti","slide",1,3.75
"673","green","frog",9,2,"green","frog",61,6.33333333333333
"674","green","frog",9,2,"green","frog",61,6.33333333333333
"675","hot","chicken",9,2,"hot","chicken",4,4.5
"676","hot","chicken",9,2,"hot","chicken",4,4.5
"677","orange","truck",9,2,"orang","truck",8,2.5
"678","orange","truck",9,2,"orang","truck",8,2.5
"679","pink","box",9,2,"pink","box",1,2.5
"680","pink","box",9,2,"pink","box",1,2.5
"681","pink","chair",9,2,"pink","chair",3,2.25
"682","pink","chair",9,2,"pink","chair",3,2.25
"683","red","cape",9,2,"red","cape",5,3.5
"684","red","cape",9,2,"red","cape",5,3.5
"685","red","hair",9,2,"red","hair",6,2.75
"686","red","hair",9,2,"red","hair",6,2.75
"687","wet","diaper",9,2,"wet","diaper",6,4
"688","wet","diaper",9,2,"wet","diaper",6,4
"689","yellow","airplane",9,2,"yellow","airplan",1,3
"690","yellow","airplane",9,2,"yellow","airplan",1,3
"691","yellow","truck",9,2,"yellow","truck",8,2.5
"692","yellow","truck",9,2,"yellow","truck",8,2.5
"693","blonde","hair",9,1,"blond","hair",13,3.22222222222222
"694","brown","hair",9,1,"brown","hair",14,4.25
"695","dark","bed",9,1,"dark","bed",1,4
"696","dark","eye",9,1,"dark","ey",3,3.75
"697","dark","glass",9,1,"dark","glass",1,2.5
"698","dark","night",9,1,"dark","night",2,6.5
"699","dead","battery",9,1,"dead","batteri",4,3.75
"700","dead","turtle",9,1,"dead","turtl",1,3
"701","fat","belly",9,1,"fat","belli",1,4.5
"702","fat","bunny",9,1,"fat","bunni",1,3.66666666666667
"703","flat","surface",9,1,"flat","surfac",3,4.25
"704","flat","tire",9,1,"flat","tire",8,2.75
"705","giant","worm",9,1,"giant","worm",1,3
"706","green","ball",9,1,"green","ball",34,3
"707","green","guy",9,1,"green","gui",31,1
"708","green","orange",9,1,"green","orang",4,2.25
"709","green","stripe",9,1,"green","stripe",1,2.5
"710","hot","chip",9,1,"hot","chip",1,2.75
"711","hot","egg",9,1,"hot","egg",6,4.25
"712","hot","fire",9,1,"hot","fire",1,6.75
"713","hot","foot",9,1,"hot","foot",7,2.25
"714","hot","juice",9,1,"hot","juic",1,2.25
"715","hot","milk",9,1,"hot","milk",1,2.6
"716","hot","soup",9,1,"hot","soup",5,5.5
"717","juicy","worm",9,1,"juici","worm",1,4.25
"718","naked","butt",9,1,"nake","butt",7,3
"719","orange","body",9,1,"orang","bodi",1,1.75
"720","orange","cup",9,1,"orang","cup",8,2.8
"721","orange","dress",9,1,"orang","dress",1,3
"722","orange","ear",9,1,"orang","ear",3,1
"723","orange","girl",9,1,"orang","girl",1,1
"724","orange","nose",9,1,"orang","nose",5,1.5
"725","pink","color",9,1,"pink","color",8,2.5
"726","pink","crayon",9,1,"pink","crayon",9,2.5
"727","pink","ear",9,1,"pink","ear",18,3
"728","pink","eye",9,1,"pink","ey",3,2
"729","pink","juice",9,1,"pink","juic",1,3
"730","pink","purple",9,1,"pink","purpl",5,1.66666666666667
"731","purple","hat",9,1,"purpl","hat",11,3.25
"732","purple","house",9,1,"purpl","hous",1,2.25
"733","purple","pepper",9,1,"purpl","pepper",1,1.5
"734","purple","water",9,1,"purpl","water",1,1.25
"735","purple","wiggle",9,1,"purpl","wiggl",2,2.25
"736","red","apple",9,1,"red","appl",37,5.25
"737","red","bed",9,1,"red","bed",4,3.25
"738","red","bowl",9,1,"red","bowl",2,2.75
"739","red","clay",9,1,"red","clai",4,5
"740","red","head",9,1,"red","head",2,2.75
"741","round","circle",9,1,"round","circl",6,7
"742","rubber","shoe",9,1,"rubber","shoe",1,3.75
"743","sunny","cloud",9,1,"sunni","cloud",1,1
"744","sunny","sun",9,1,"sunni","sun",2,7
"745","wet","hair",9,1,"wet","hair",5,3.5
"746","wet","hand",9,1,"wet","hand",19,3
"747","wet","house",9,1,"wet","hous",3,2.25
"748","wet","shirt",9,1,"wet","shirt",11,2.75
"749","wet","shoe",9,1,"wet","shoe",8,3
"750","wooden","chair",9,1,"wooden","chair",1,5
"751","wooden","piece",9,1,"wooden","piec",2,3.5
"752","yellow","car",9,1,"yellow","car",21,2.25
"753","yellow","couch",9,1,"yellow","couch",3,2.75
"754","yellow","shirt",9,1,"yellow","shirt",6,3.5
"755","yellow","stick",9,1,"yellow","stick",1,3
"756","yellow","submarine",9,1,"yellow","submarin",1,2.25
"757","red","light",10,8,"red","light",71,3.5
"758","red","light",10,8,"red","light",71,3.5
"759","red","light",10,8,"red","light",71,3.5
"760","red","light",10,8,"red","light",71,3.5
"761","red","light",10,8,"red","light",71,3.5
"762","red","light",10,8,"red","light",71,3.5
"763","red","light",10,8,"red","light",71,3.5
"764","red","light",10,8,"red","light",71,3.5
"765","green","apple",10,6,"green","appl",20,3.75
"766","green","apple",10,6,"green","appl",20,3.75
"767","green","apple",10,6,"green","appl",20,3.75
"768","green","apple",10,6,"green","appl",20,3.75
"769","green","apple",10,6,"green","appl",20,3.75
"770","green","apple",10,6,"green","appl",20,3.75
"771","red","knight",10,5,"red","knight",1,3.33333333333333
"772","red","knight",10,5,"red","knight",1,3.33333333333333
"773","red","knight",10,5,"red","knight",1,3.33333333333333
"774","red","knight",10,5,"red","knight",1,3.33333333333333
"775","red","knight",10,5,"red","knight",1,3.33333333333333
"776","green","light",10,4,"green","light",114,2.25
"777","green","light",10,4,"green","light",114,2.25
"778","green","light",10,4,"green","light",114,2.25
"779","green","light",10,4,"green","light",114,2.25
"780","hip","bone",10,4,"hip","bone",3,2.75
"781","hip","bone",10,4,"hip","bone",3,2.75
"782","hip","bone",10,4,"hip","bone",3,2.75
"783","hip","bone",10,4,"hip","bone",3,2.75
"784","pink","ear",10,4,"pink","ear",18,3
"785","pink","ear",10,4,"pink","ear",18,3
"786","pink","ear",10,4,"pink","ear",18,3
"787","pink","ear",10,4,"pink","ear",18,3
"788","yellow","egg",10,4,"yellow","egg",3,2.75
"789","yellow","egg",10,4,"yellow","egg",3,2.75
"790","yellow","egg",10,4,"yellow","egg",3,2.75
"791","yellow","egg",10,4,"yellow","egg",3,2.75
"792","green","car",10,3,"green","car",25,3.5
"793","green","car",10,3,"green","car",25,3.5
"794","green","car",10,3,"green","car",25,3.5
"795","green","pepper",10,3,"green","pepper",16,3.33333333333333
"796","green","pepper",10,3,"green","pepper",16,3.33333333333333
"797","green","pepper",10,3,"green","pepper",16,3.33333333333333
"798","hot","tub",10,3,"hot","tub",12,3
"799","hot","tub",10,3,"hot","tub",12,3
"800","hot","tub",10,3,"hot","tub",12,3
"801","red","apple",10,3,"red","appl",37,5.25
"802","red","apple",10,3,"red","appl",37,5.25
"803","red","apple",10,3,"red","appl",37,5.25
"804","red","piece",10,3,"red","piec",14,3.75
"805","red","piece",10,3,"red","piec",14,3.75
"806","red","piece",10,3,"red","piec",14,3.75
"807","yellow","guy",10,3,"yellow","gui",13,2
"808","yellow","guy",10,3,"yellow","gui",13,2
"809","yellow","guy",10,3,"yellow","gui",13,2
"810","brown","hair",10,2,"brown","hair",14,4.25
"811","brown","hair",10,2,"brown","hair",14,4.25
"812","colored","light",10,2,"color","light",2,3.66666666666667
"813","colored","light",10,2,"color","light",2,3.66666666666667
"814","dead","leaf",10,2,"dead","leaf",5,3.5
"815","dead","leaf",10,2,"dead","leaf",5,3.5
"816","dirty","suit",10,2,"dirti","suit",4,4.25
"817","dirty","suit",10,2,"dirti","suit",4,4.25
"818","dirty","water",10,2,"dirti","water",13,3.75
"819","dirty","water",10,2,"dirti","water",13,3.75
"820","green","circle",10,2,"green","circl",22,3
"821","green","circle",10,2,"green","circl",22,3
"822","hot","soup",10,2,"hot","soup",5,5.5
"823","hot","soup",10,2,"hot","soup",5,5.5
"824","orange","bag",10,2,"orang","bag",2,2.66666666666667
"825","orange","bag",10,2,"orang","bag",2,2.66666666666667
"826","orange","guy",10,2,"orang","gui",2,1.75
"827","orange","guy",10,2,"orang","gui",2,1.75
"828","orange","skin",10,2,"orang","skin",1,2.25
"829","orange","skin",10,2,"orang","skin",1,2.25
"830","purple","onion",10,2,"purpl","onion",1,3.75
"831","purple","onion",10,2,"purpl","onion",1,3.75
"832","purple","snake",10,2,"purpl","snake",4,1.75
"833","purple","snake",10,2,"purpl","snake",4,1.75
"834","red","paper",10,2,"red","paper",2,3
"835","red","paper",10,2,"red","paper",2,3
"836","red","strawberry",10,2,"red","strawberri",10,5.5
"837","red","strawberry",10,2,"red","strawberri",10,5.5
"838","wet","swing",10,2,"wet","swing",1,2.75
"839","wet","swing",10,2,"wet","swing",1,2.75
"840","yellow","knight",10,2,"yellow","knight",2,1.66666666666667
"841","yellow","knight",10,2,"yellow","knight",2,1.66666666666667
"842","brown","dog",10,1,"brown","dog",7,4.5
"843","brown","train",10,1,"brown","train",1,2.5
"844","colored","glue",10,1,"color","glue",1,2
"845","dead","battery",10,1,"dead","batteri",4,3.75
"846","dead","person",10,1,"dead","person",1,2.75
"847","dirty","ground",10,1,"dirti","ground",3,5.25
"848","dirty","hamper",10,1,"dirti","hamper",1,5
"849","dirty","sleeve",10,1,"dirti","sleev",1,2.75
"850","flat","piece",10,1,"flat","piec",17,3.75
"851","gold","coin",10,1,"gold","coin",2,4
"852","green","box",10,1,"green","box",12,2.75
"853","green","cat",10,1,"green","cat",6,1.66666666666667
"854","green","crayon",10,1,"green","crayon",17,4
"855","green","elbow",10,1,"green","elbow",1,1.25
"856","green","frosting",10,1,"green","frost",4,2.75
"857","green","heart",10,1,"green","heart",1,1.5
"858","green","stripe",10,1,"green","stripe",1,2.5
"859","green","top",10,1,"green","top",7,2.75
"860","hot","air",10,1,"hot","air",34,3.75
"861","hot","ear",10,1,"hot","ear",1,1.75
"862","hot","foot",10,1,"hot","foot",7,2.25
"863","hot","oil",10,1,"hot","oil",1,3.5
"864","hot","pot",10,1,"hot","pot",5,3.75
"865","hot","tea",10,1,"hot","tea",22,4.5
"866","hot","water",10,1,"hot","water",29,5
"867","mechanic","shop",10,1,"mechan","shop",2,4.25
"868","orange","arm",10,1,"orang","arm",1,1.5
"869","orange","carrot",10,1,"orang","carrot",4,5.75
"870","orange","drink",10,1,"orang","drink",2,2.75
"871","orange","fish",10,1,"orang","fish",28,3.25
"872","pink","boot",10,1,"pink","boot",3,2.25
"873","pink","purple",10,1,"pink","purpl",5,1.66666666666667
"874","pink","shoe",10,1,"pink","shoe",12,2.5
"875","purple","ball",10,1,"purpl","ball",10,2.75
"876","purple","ear",10,1,"purpl","ear",8,1.5625
"877","purple","fish",10,1,"purpl","fish",7,2.25
"878","purple","guy",10,1,"purpl","gui",11,1
"879","purple","raindrop",10,1,"purpl","raindrop",1,1.33333333333333
"880","rainy","day",10,1,"raini","dai",11,3.25
"881","red","ball",10,1,"red","ball",36,4.66666666666667
"882","red","boat",10,1,"red","boat",4,3
"883","red","car",10,1,"red","car",74,3
"884","red","card",10,1,"red","card",2,3.25
"885","red","eye",10,1,"red","ey",10,2.66666666666667
"886","red","fish",10,1,"red","fish",13,4
"887","red","oil",10,1,"red","oil",1,2.75
"888","red","onion",10,1,"red","onion",4,3.75
"889","red","pot",10,1,"red","pot",3,3
"890","red","scissors",10,1,"red","scissor",4,3.25
"891","red","spot",10,1,"red","spot",5,4.66666666666667
"892","red","suit",10,1,"red","suit",2,2.33333333333333
"893","rubber","duck",10,1,"rubber","duck",10,3.5
"894","slippery","hand",10,1,"slipperi","hand",1,2.66666666666667
"895","sweet","potato",10,1,"sweet","potato",17,2.75
"896","top","bunk",10,1,"top","bunk",3,4.25
"897","wet","foot",10,1,"wet","foot",13,3
"898","wet","hand",10,1,"wet","hand",19,3
"899","wet","rain",10,1,"wet","rain",4,7
"900","yellow","car",10,1,"yellow","car",21,2.25
"901","yellow","fish",10,1,"yellow","fish",19,3.25
"902","yellow","line",10,1,"yellow","line",1,3.5
"903","yellow","paint",10,1,"yellow","paint",3,3.25
"904","yellow","picture",10,1,"yellow","pictur",1,2.75
"905","yellow","pond",10,1,"yellow","pond",1,1.75
"906","yellow","tail",10,1,"yellow","tail",1,2.75
"907","red","dot",11,14,"red","dot",12,4
"908","red","dot",11,14,"red","dot",12,4
"909","red","dot",11,14,"red","dot",12,4
"910","red","dot",11,14,"red","dot",12,4
"911","red","dot",11,14,"red","dot",12,4
"912","red","dot",11,14,"red","dot",12,4
"913","red","dot",11,14,"red","dot",12,4
"914","red","dot",11,14,"red","dot",12,4
"915","red","dot",11,14,"red","dot",12,4
"916","red","dot",11,14,"red","dot",12,4
"917","red","dot",11,14,"red","dot",12,4
"918","red","dot",11,14,"red","dot",12,4
"919","red","dot",11,14,"red","dot",12,4
"920","red","dot",11,14,"red","dot",12,4
"921","yellow","star",11,7,"yellow","star",13,4.25
"922","yellow","star",11,7,"yellow","star",13,4.25
"923","yellow","star",11,7,"yellow","star",13,4.25
"924","yellow","star",11,7,"yellow","star",13,4.25
"925","yellow","star",11,7,"yellow","star",13,4.25
"926","yellow","star",11,7,"yellow","star",13,4.25
"927","yellow","star",11,7,"yellow","star",13,4.25
"928","brown","wing",11,3,"brown","wing",1,3.5
"929","brown","wing",11,3,"brown","wing",1,3.5
"930","brown","wing",11,3,"brown","wing",1,3.5
"931","green","shirt",11,3,"green","shirt",10,3
"932","green","shirt",11,3,"green","shirt",10,3
"933","green","shirt",11,3,"green","shirt",10,3
"934","red","dog",11,3,"red","dog",32,2.33333333333333
"935","red","dog",11,3,"red","dog",32,2.33333333333333
"936","red","dog",11,3,"red","dog",32,2.33333333333333
"937","red","guy",11,3,"red","gui",12,1.6
"938","red","guy",11,3,"red","gui",12,1.6
"939","red","guy",11,3,"red","gui",12,1.6
"940","wet","house",11,3,"wet","hous",3,2.25
"941","wet","house",11,3,"wet","hous",3,2.25
"942","wet","house",11,3,"wet","hous",3,2.25
"943","bright","light",11,2,"bright","light",8,4.25
"944","bright","light",11,2,"bright","light",8,4.25
"945","dark","green",11,2,"dark","green",6,4
"946","dark","green",11,2,"dark","green",6,4
"947","green","door",11,2,"green","door",3,3
"948","green","door",11,2,"green","door",3,3
"949","green","flower",11,2,"green","flower",4,2.5
"950","green","flower",11,2,"green","flower",4,2.5
"951","green","guy",11,2,"green","gui",31,1
"952","green","guy",11,2,"green","gui",31,1
"953","green","stripe",11,2,"green","stripe",1,2.5
"954","green","stripe",11,2,"green","stripe",1,2.5
"955","pink","color",11,2,"pink","color",8,2.5
"956","pink","color",11,2,"pink","color",8,2.5
"957","purple","color",11,2,"purpl","color",1,3.75
"958","purple","color",11,2,"purpl","color",1,3.75
"959","red","fish",11,2,"red","fish",13,4
"960","red","fish",11,2,"red","fish",13,4
"961","wet","floor",11,2,"wet","floor",9,2.5
"962","wet","floor",11,2,"wet","floor",9,2.5
"963","back","door",11,1,"back","door",2,3.25
"964","brown","bear",11,1,"brown","bear",42,5
"965","brown","cow",11,1,"brown","cow",14,3.5
"966","dark","eye",11,1,"dark","ey",3,3.75
"967","dead","person",11,1,"dead","person",1,2.75
"968","dirty","pillow",11,1,"dirti","pillow",1,2.75
"969","green","apple",11,1,"green","appl",20,3.75
"970","green","ball",11,1,"green","ball",34,3
"971","green","color",11,1,"green","color",16,4
"972","green","eye",11,1,"green","ey",4,3
"973","green","hand",11,1,"green","hand",9,1.75
"974","green","head",11,1,"green","head",1,1.25
"975","green","kitty",11,1,"green","kitti",1,1
"976","green","land",11,1,"green","land",3,5
"977","green","mountain",11,1,"green","mountain",3,4.5
"978","green","orange",11,1,"green","orang",4,2.25
"979","green","picture",11,1,"green","pictur",13,3
"980","hot","bottle",11,1,"hot","bottl",1,3
"981","hot","ice",11,1,"hot","ic",2,1.6
"982","hot","window",11,1,"hot","window",1,1.75
"983","orange","cracker",11,1,"orang","cracker",1,2.75
"984","pink","dress",11,1,"pink","dress",6,3.5
"985","pink","hair",11,1,"pink","hair",7,2.5
"986","pink","heart",11,1,"pink","heart",7,4
"987","pink","lipstick",11,1,"pink","lipstick",1,4
"988","pink","purple",11,1,"pink","purpl",5,1.66666666666667
"989","purple","horse",11,1,"purpl","hors",5,1
"990","purple","top",11,1,"purpl","top",3,3.25
"991","purple","water",11,1,"purpl","water",1,1.25
"992","red","apple",11,1,"red","appl",37,5.25
"993","red","barn",11,1,"red","barn",8,4.75
"994","red","book",11,1,"red","book",8,3
"995","red","button",11,1,"red","button",15,3
"996","red","car",11,1,"red","car",74,3
"997","red","fire",11,1,"red","fire",1,5.75
"998","red","hand",11,1,"red","hand",10,2
"999","red","heart",11,1,"red","heart",25,5.75
"1000","red","house",11,1,"red","hous",4,2.25
"1001","red","light",11,1,"red","light",71,3.5
"1002","red","piece",11,1,"red","piec",14,3.75
"1003","red","pole",11,1,"red","pole",4,2.5
"1004","red","pot",11,1,"red","pot",3,3
"1005","sunny","day",11,1,"sunni","dai",21,4.25
"1006","wet","dog",11,1,"wet","dog",1,3.25
"1007","wet","guy",11,1,"wet","gui",1,2.5
"1008","wet","rain",11,1,"wet","rain",4,7
"1009","wooden","stick",11,1,"wooden","stick",1,6
"1010","yellow","car",11,1,"yellow","car",21,2.25
"1011","yellow","eye",11,1,"yellow","ey",3,2.75
"1012","yellow","guy",11,1,"yellow","gui",13,2
"1013","yellow","piece",11,1,"yellow","piec",17,2.75
"1014","yellow","stick",11,1,"yellow","stick",1,3
"1015","green","egg",12,10,"green","egg",70,1.25
"1016","green","egg",12,10,"green","egg",70,1.25
"1017","green","egg",12,10,"green","egg",70,1.25
"1018","green","egg",12,10,"green","egg",70,1.25
"1019","green","egg",12,10,"green","egg",70,1.25
"1020","green","egg",12,10,"green","egg",70,1.25
"1021","green","egg",12,10,"green","egg",70,1.25
"1022","green","egg",12,10,"green","egg",70,1.25
"1023","green","egg",12,10,"green","egg",70,1.25
"1024","green","egg",12,10,"green","egg",70,1.25
"1025","green","ham",12,9,"green","ham",50,1.75
"1026","green","ham",12,9,"green","ham",50,1.75
"1027","green","ham",12,9,"green","ham",50,1.75
"1028","green","ham",12,9,"green","ham",50,1.75
"1029","green","ham",12,9,"green","ham",50,1.75
"1030","green","ham",12,9,"green","ham",50,1.75
"1031","green","ham",12,9,"green","ham",50,1.75
"1032","green","ham",12,9,"green","ham",50,1.75
"1033","green","ham",12,9,"green","ham",50,1.75
"1034","hot","day",12,6,"hot","dai",53,3.25
"1035","hot","day",12,6,"hot","dai",53,3.25
"1036","hot","day",12,6,"hot","dai",53,3.25
"1037","hot","day",12,6,"hot","dai",53,3.25
"1038","hot","day",12,6,"hot","dai",53,3.25
"1039","hot","day",12,6,"hot","dai",53,3.25
"1040","green","triangle",12,5,"green","triangl",14,3.25
"1041","green","triangle",12,5,"green","triangl",14,3.25
"1042","green","triangle",12,5,"green","triangl",14,3.25
"1043","green","triangle",12,5,"green","triangl",14,3.25
"1044","green","triangle",12,5,"green","triangl",14,3.25
"1045","pink","lemonade",12,4,"pink","lemonad",2,3.75
"1046","pink","lemonade",12,4,"pink","lemonad",2,3.75
"1047","pink","lemonade",12,4,"pink","lemonad",2,3.75
"1048","pink","lemonade",12,4,"pink","lemonad",2,3.75
"1049","purple","pad",12,4,"purpl","pad",1,2.5
"1050","purple","pad",12,4,"purpl","pad",1,2.5
"1051","purple","pad",12,4,"purpl","pad",1,2.5
"1052","purple","pad",12,4,"purpl","pad",1,2.5
"1053","red","diamond",12,4,"red","diamond",2,2
"1054","red","diamond",12,4,"red","diamond",2,2
"1055","red","diamond",12,4,"red","diamond",2,2
"1056","red","diamond",12,4,"red","diamond",2,2
"1057","dirty","sock",12,3,"dirti","sock",10,3
"1058","dirty","sock",12,3,"dirti","sock",10,3
"1059","dirty","sock",12,3,"dirti","sock",10,3
"1060","green","grass",12,3,"green","grass",13,6.5
"1061","green","grass",12,3,"green","grass",13,6.5
"1062","green","grass",12,3,"green","grass",13,6.5
"1063","green","light",12,3,"green","light",114,2.25
"1064","green","light",12,3,"green","light",114,2.25
"1065","green","light",12,3,"green","light",114,2.25
"1066","pink","color",12,3,"pink","color",8,2.5
"1067","pink","color",12,3,"pink","color",8,2.5
"1068","pink","color",12,3,"pink","color",8,2.5
"1069","pink","sand",12,3,"pink","sand",10,1.75
"1070","pink","sand",12,3,"pink","sand",10,1.75
"1071","pink","sand",12,3,"pink","sand",10,1.75
"1072","red","light",12,3,"red","light",71,3.5
"1073","red","light",12,3,"red","light",71,3.5
"1074","red","light",12,3,"red","light",71,3.5
"1075","wet","shoe",12,3,"wet","shoe",8,3
"1076","wet","shoe",12,3,"wet","shoe",8,3
"1077","wet","shoe",12,3,"wet","shoe",8,3
"1078","yellow","paint",12,3,"yellow","paint",3,3.25
"1079","yellow","paint",12,3,"yellow","paint",3,3.25
"1080","yellow","paint",12,3,"yellow","paint",3,3.25
"1081","curly","hair",12,2,"curli","hair",15,3.25
"1082","curly","hair",12,2,"curli","hair",15,3.25
"1083","dead","fish",12,2,"dead","fish",5,3.5
"1084","dead","fish",12,2,"dead","fish",5,3.5
"1085","dirty","hand",12,2,"dirti","hand",30,3.5
"1086","dirty","hand",12,2,"dirti","hand",30,3.5
"1087","green","card",12,2,"green","card",17,3.33333333333333
"1088","green","card",12,2,"green","card",17,3.33333333333333
"1089","green","fish",12,2,"green","fish",16,2.5
"1090","green","fish",12,2,"green","fish",16,2.5
"1091","hot","lunch",12,2,"hot","lunch",2,5
"1092","hot","lunch",12,2,"hot","lunch",2,5
"1093","hot","sun",12,2,"hot","sun",12,7
"1094","hot","sun",12,2,"hot","sun",12,7
"1095","pink","dress",12,2,"pink","dress",6,3.5
"1096","pink","dress",12,2,"pink","dress",6,3.5
"1097","red","fish",12,2,"red","fish",13,4
"1098","red","fish",12,2,"red","fish",13,4
"1099","red","flag",12,2,"red","flag",3,3
"1100","red","flag",12,2,"red","flag",3,3
"1101","red","picture",12,2,"red","pictur",5,2.5
"1102","red","picture",12,2,"red","pictur",5,2.5
"1103","red","wheel",12,2,"red","wheel",4,3
"1104","red","wheel",12,2,"red","wheel",4,3
"1105","yellow","bag",12,2,"yellow","bag",2,2.5
"1106","yellow","bag",12,2,"yellow","bag",2,2.5
"1107","yellow","car",12,2,"yellow","car",21,2.25
"1108","yellow","car",12,2,"yellow","car",21,2.25
"1109","brown","eye",12,1,"brown","ey",16,3.33333333333333
"1110","brown","hair",12,1,"brown","hair",14,4.25
"1111","dark","color",12,1,"dark","color",9,4.25
"1112","dark","forest",12,1,"dark","forest",2,4.25
"1113","dark","sky",12,1,"dark","sky",1,4
"1114","dead","fly",12,1,"dead","fly",1,3.4
"1115","dirty","car",12,1,"dirti","car",3,5
"1116","dirty","floor",12,1,"dirti","floor",8,3.33333333333333
"1117","dirty","shoe",12,1,"dirti","shoe",10,4
"1118","fat","body",12,1,"fat","bodi",3,4
"1119","fat","girl",12,1,"fat","girl",4,3
"1120","flat","bed",12,1,"flat","bed",1,5.25
"1121","giant","bucket",12,1,"giant","bucket",1,2.5
"1122","grassy","field",12,1,"grassi","field",1,5.5
"1123","green","carrot",12,1,"green","carrot",1,1.5
"1124","green","diamond",12,1,"green","diamond",1,1.66666666666667
"1125","green","eye",12,1,"green","ey",4,3
"1126","green","knife",12,1,"green","knife",1,3.5
"1127","green","leg",12,1,"green","leg",2,1.25
"1128","green","shirt",12,1,"green","shirt",10,3
"1129","green","stripe",12,1,"green","stripe",1,2.5
"1130","green","tea",12,1,"green","tea",2,4.5
"1131","green","triceratops",12,1,"green","triceratop",1,3.75
"1132","green","wall",12,1,"green","wall",2,3.25
"1133","green","water",12,1,"green","water",2,2.75
"1134","hot","coffee",12,1,"hot","coffe",9,4.75
"1135","orange","bag",12,1,"orang","bag",2,2.66666666666667
"1136","orange","color",12,1,"orang","color",9,4
"1137","orange","eye",12,1,"orang","ey",4,1.75
"1138","orange","finger",12,1,"orang","finger",5,1.5
"1139","orange","fish",12,1,"orang","fish",28,3.25
"1140","orange","tea",12,1,"orang","tea",2,3
"1141","pink","crayon",12,1,"pink","crayon",9,2.5
"1142","pink","fish",12,1,"pink","fish",10,3
"1143","pink","flower",12,1,"pink","flower",8,3.5
"1144","pink","pig",12,1,"pink","pig",11,5.5
"1145","pink","sweater",12,1,"pink","sweater",5,3.8
"1146","puffy","cloud",12,1,"puffi","cloud",3,4.25
"1147","purple","book",12,1,"purpl","book",1,2.25
"1148","purple","color",12,1,"purpl","color",1,3.75
"1149","purple","duck",12,1,"purpl","duck",6,1
"1150","purple","sand",12,1,"purpl","sand",2,2.25
"1151","purple","shirt",12,1,"purpl","shirt",4,3
"1152","purple","tail",12,1,"purpl","tail",5,2
"1153","red","berry",12,1,"red","berri",4,4.66666666666667
"1154","red","block",12,1,"red","block",20,3.75
"1155","red","flower",12,1,"red","flower",13,3.25
"1156","red","sand",12,1,"red","sand",2,2.25
"1157","red","square",12,1,"red","squar",5,3
"1158","red","triangle",12,1,"red","triangl",15,3.75
"1159","slippery","sock",12,1,"slipperi","sock",1,1.75
"1160","square","triangle",12,1,"squar","triangl",9,1
"1161","sunny","day",12,1,"sunni","dai",21,4.25
"1162","sweet","sugar",12,1,"sweet","sugar",29,6.75
"1163","yellow","eye",12,1,"yellow","ey",3,2.75
"1164","yellow","fish",12,1,"yellow","fish",19,3.25
"1165","yellow","leg",12,1,"yellow","leg",2,1.75
"1166","yellow","piece",12,1,"yellow","piec",17,2.75
